13240/lack1, 35, 25, 24069, 24779, 46.4%, 74.0, 35629
20113/deko, 27, 19, 16972, 12513, 37.7%, 80.0, 21416
20709/r3salt, 9, 1, 9110, 8750, 60.5%, 78.4, 12862
19236/kensi, 35, 25, 18419, 16837, 52.4%, 77.7, 26089
19882/norwi, 35, 25, 15141, 14429, 48.9%, 73.8, 22396
20447/heavygod, 14, 17, 8332, 7393, 54.3%, 79.3, 11554
21113/modo, 14, 12, 8926, 7731, 31.4%, 69.7, 12762
20872/nexius, 20, 23, 6703, 7186, 54.9%, 74.5, 10129
19044/f1ku, 17, 21, 16253, 16195, 55.2%, 75.5, 24047
12781/k1to, 17, 21, 28365, 29227, 58.6%, 74.1, 42125
18506/s1ren, 22, 22, 7521, 7402, 54.5%, 71.9, 11395
21667/magnojez, 5, 5, 5054, 4999, 52.4%, 79.5, 7181
19920/kair0n, 22, 22, 8217, 8045, 51.7%, 80.3, 11158
15662/zorte, 22, 22, 22277, 18477, 35.9%, 73.2, 30799
16921/nafany, 22, 22, 20282, 21777, 51.4%, 73.2, 31193
14929/jdc, 13, 18, 13262, 12865, 51.0%, 75.7, 19331
5794/tabsen, 43, 35, 44304, 42866, 49.6%, 83.7, 61289
19899/krimbo, 43, 35, 13959, 12097, 50.6%, 76.1, 19886
7266/syrson, 13, 18, 36798, 31703, 29.3%, 74.0, 50446
19284/prosus, 43, 35, 12397, 12678, 56.6%, 74.9, 18312
21431/sstinix, 3, 5, 2548, 2575, 56.3%, 74.9, 3779
17011/shalfey, 3, 5, 16187, 14467, 46.9%, 77.6, 22863
19808/tn1r, 3, 5, 7091, 6981, 56.6%, 73.4, 10550
18670/sellter, 25, 26, 10551, 10803, 53.9%, 70.5, 16468
23048/kelien, 3, 5, 642, 748, 54.2%, 67.5, 1039
8371/alex, 8, 18, 28001, 26624, 45.9%, 76.1, 40661
20879/maxster, 16, 22, 6117, 5848, 57.1%, 73.4, 9086
9278/rez, 13, 24, 29391, 27890, 49.8%, 77.4, 42133
13618/bluepho3nix, 9, 10, 2159, 2165, 55.2%, 74.8, 3233
20425/r1nkle, 2, 4, 9250, 7838, 32.9%, 77.2, 12310
22722/yoom, 0, 4, 242, 324, 41.7%, 62.5, 416
23577/r2b2, 0, 4, 876, 757, 61.6%, 79.9, 1157
23323/bhavi, 0, 4, 903, 1014, 56.0%, 67.9, 1441
23429/ph1nnn, 0, 4, 1037, 919, 52.6%, 82.1, 1416
23452/f1redup, 0, 4, 1025, 949, 40.0%, 72.7, 1460
19114/kylar, 10, 13, 18432, 17696, 57.9%, 73.5, 26954
16080/dycha, 15, 23, 20195, 18912, 53.0%, 80.3, 28272
7412/gla1ve, 12, 18, 32910, 33176, 46.9%, 73.8, 50374
15428/goofy, 10, 13, 28491, 28056, 40.6%, 77.3, 41022
16848/hades, 10, 13, 19710, 16721, 29.9%, 73.5, 27053
18850/jimpphat, 34, 27, 9456, 7806, 52.0%, 79.8, 12770
18072/torzsi, 39, 31, 13940, 11316, 29.7%, 75.2, 18684
13666/brollan, 21, 13, 23348, 21948, 52.7%, 78.7, 32716
20312/xertion, 39, 31, 8100, 7766, 50.9%, 79.2, 11568
16820/siuhy, 39, 31, 14452, 14779, 52.6%, 75.8, 21287
18053/broky, 76, 36, 18613, 16032, 37.1%, 73.3, 26304
9960/frozen, 59, 41, 28767, 24216, 54.0%, 82.9, 38107
11816/ropz, 76, 36, 27759, 22985, 52.2%, 78.5, 37517
8183/rain, 76, 36, 35276, 34516, 56.3%, 79.5, 50089
429/karrigan, 76, 36, 37111, 41817, 43.8%, 68.1, 60398
16717/br0, 39, 21, 8482, 8450, 55.2%, 75.0, 12665
10994/stavn, 14, 10, 26135, 24200, 43.2%, 81.0, 35907
17956/jabbi, 14, 10, 18039, 17787, 58.9%, 71.5, 27012
20304/staehr, 19, 21, 10735, 10346, 51.4%, 78.5, 15601
7592/device, 19, 21, 40490, 32369, 34.8%, 80.1, 52209
19230/m0nesy, 44, 32, 10254, 7807, 39.0%, 79.2, 13148
3972/hunter, 44, 32, 34327, 29841, 49.1%, 83.5, 45023
3741/niko, 44, 32, 39134, 32862, 50.8%, 85.6, 49513
10096/hooxi, 44, 32, 15576, 18795, 50.1%, 66.4, 27450
9618/nexa, 43, 36, 26757, 24817, 51.1%, 75.1, 38991
7964/cadian, 11, 16, 31496, 28437, 28.0%, 72.8, 45688
8520/naf, 9, 12, 34565, 29845, 41.9%, 81.0, 47729
13915/yekindar, 9, 12, 26410, 24875, 58.9%, 82.1, 35802
10394/twistzz, 44, 25, 31845, 27211, 61.6%, 76.7, 43821
18676/skullz, 9, 12, 12443, 11200, 53.8%, 75.7, 17837
20101/fame, 50, 28, 14325, 13009, 57.8%, 76.2, 20081
12732/fl1t, 50, 28, 29047, 25748, 46.9%, 80.5, 39936
16612/n0rb3r7, 50, 28, 23596, 22845, 50.8%, 78.4, 33499
13776/jame, 50, 28, 26851, 20482, 25.7%, 72.0, 37791
8789/mir, 50, 28, 23728, 20909, 52.0%, 80.1, 31844
13602/nicoodoz, 23, 23, 20970, 18065, 34.8%, 73.0, 29242
9436/nertz, 26, 39, 10452, 9397, 51.4%, 82.6, 13895
14148/sjuush, 23, 37, 19823, 18757, 51.3%, 75.2, 29164
12018/teses, 23, 37, 20920, 19753, 54.4%, 77.6, 29577
19677/kyxsan, 29, 34, 13834, 14099, 48.0%, 74.6, 20968
11140/ins, 4, 7, 22162, 18909, 43.3%, 85.9, 29169
11139/alistair, 4, 7, 22803, 19659, 34.3%, 74.5, 31773
17384/vexite, 4, 7, 10474, 9365, 57.0%, 81.7, 13844
10588/liazz, 4, 7, 21020, 18516, 45.8%, 77.9, 30098
9115/dexter, 13, 16, 22621, 21003, 49.2%, 79.3, 31345
22460/riskyb0b, 2, 3, 2485, 2554, 51.3%, 79.3, 3718
21266/1eer, 2, 3, 4345, 4815, 45.6%, 65.9, 7346
23317/khan, 2, 3, 871, 729, 36.5%, 70.9, 1210
20387/xant3r, 2, 3, 2770, 2929, 55.5%, 74.7, 4201
20994/fl4mus, 2, 3, 2707, 2844, 56.9%, 73.8, 4071
16555/ax1le, 33, 37, 23259, 20239, 48.7%, 80.3, 32044
11840/boombl4, 30, 34, 23437, 24198, 40.7%, 75.3, 35478
16947/perfecto, 33, 37, 15790, 15078, 45.9%, 70.0, 25120
8528/hobbit, 33, 37, 27288, 24943, 46.7%, 79.4, 38190
8918/electronic, 33, 37, 30121, 26968, 49.9%, 82.2, 40821
15631/kscerato, 29, 29, 21600, 17061, 49.3%, 79.5, 29393
12553/yuurih, 29, 29, 23735, 20287, 44.3%, 83.4, 31890
12521/art, 29, 29, 21808, 22125, 36.3%, 77.0, 31409
2023/fallen, 29, 29, 32608, 28539, 30.8%, 71.1, 47335
10566/chelo, 29, 29, 20863, 19438, 60.3%, 76.8, 29588
16551/westmelon, 4, 10, 9681, 9172, 59.4%, 79.3, 13391
18744/z4kr, 4, 10, 9694, 8494, 45.5%, 77.8, 13088
20254/starry, 4, 10, 6606, 5948, 52.9%, 79.2, 9155
20702/jee, 4, 10, 2843, 2539, 30.5%, 67.5, 4273
22922/emiliaqaq, 4, 10, 2275, 2374, 64.0%, 67.6, 3643
11574/xiaosage, 0, 3, 16375, 16364, 48.1%, 80.0, 23331
5187/captainmo, 0, 3, 15581, 15064, 40.6%, 73.8, 21978
7026/dd, 0, 3, 17800, 16297, 42.1%, 81.2, 24271
12958/ae, 0, 3, 6668, 6477, 41.2%, 78.6, 9019
14561/18ym, 0, 3, 1995, 2048, 54.1%, 79.1, 2789
8711/sonic, 0, 3, 20277, 17812, 47.1%, 78.6, 27653
19128/slight, 1, 7, 9985, 9126, 28.3%, 72.3, 14359
8507/stanislaw, 0, 3, 25501, 26227, 47.6%, 72.7, 39782
11332/horvy, 0, 3, 4539, 4674, 42.6%, 68.3, 7066
13230/motm, 0, 3, 20681, 19626, 50.2%, 76.2, 28891
8950/kaze, 1, 9, 21421, 16540, 30.8%, 77.7, 28150
19645/jamyoung, 1, 9, 11180, 9261, 55.5%, 81.1, 14762
20895/mercury, 1, 9, 5620, 5125, 57.5%, 80.9, 7624
24036/zdr, 0, 3, 118, 118, 59.3%, 62.4, 192
8600/advent, 1, 9, 18633, 21763, 50.4%, 61.4, 33953
21239/martinezsa, 6, 13, 5745, 4899, 32.4%, 70.8, 8035
14736/dgt, 4, 8, 13497, 11062, 50.0%, 78.2, 18214
22613/huasopeek, 4, 8, 2069, 2076, 55.6%, 72.6, 3092
20607/buda, 4, 8, 4680, 5266, 52.0%, 68.1, 7905
12092/max, 4, 8, 14774, 14414, 46.0%, 77.6, 21801
18987/b1t, 34, 27, 12581, 11451, 66.6%, 75.1, 18126
19206/jl, 34, 27, 13816, 12679, 49.7%, 78.8, 18942
9816/aleksib, 34, 27, 20869, 21750, 39.9%, 73.0, 33319
14759/im, 34, 27, 20318, 19204, 47.3%, 81.5, 27736
20127/w0nderful, 31, 23, 9430, 7056, 36.8%, 77.3, 12234
11893/zywoo, 33, 17, 27759, 20053, 41.2%, 87.3, 33050
18462/mezii, 41, 26, 14376, 12950, 51.1%, 78.3, 20383
7322/apex, 33, 17, 40863, 40855, 51.1%, 77.4, 58706
18221/spinx, 33, 17, 13041, 11403, 55.1%, 77.8, 17845
16693/flamez, 33, 17, 12053, 11325, 52.1%, 78.3, 17072
150/maj3r, 22, 19, 22217, 23208, 47.9%, 72.4, 35000
21243/wicadia, 22, 19, 4251, 4285, 53.0%, 76.1, 6060
8575/calyx, 22, 19, 25339, 22246, 57.4%, 76.0, 35413
8574/woxic, 22, 19, 26689, 22215, 32.1%, 75.8, 36537
7938/xantares, 22, 19, 44345, 36920, 53.2%, 89.3, 54870
21167/donk, 37, 15, 8463, 6815, 61.0%, 87.2, 10154
16920/sh1ro, 26, 12, 22874, 15866, 28.5%, 78.4, 29619
7716/chopper, 38, 19, 23008, 23626, 57.2%, 71.3, 35722
20423/zont1x, 38, 19, 8856, 8439, 42.5%, 77.6, 13012
18317/magixx, 37, 15, 15047, 14441, 55.7%, 70.5, 23346
18141/biguzera, 13, 11, 18908, 16816, 51.3%, 80.6, 26228
20563/lux, 13, 11, 7723, 7298, 51.5%, 77.6, 11024
19694/nqz, 13, 11, 8554, 7060, 29.4%, 70.1, 12205
19686/n1ssim, 13, 11, 5686, 5268, 48.9%, 78.4, 8081
20085/kauez, 13, 11, 8533, 7996, 60.4%, 76.9, 11865
8738/elige, 29, 37, 36833, 33415, 48.9%, 83.1, 49048
11630/jt, 29, 37, 21553, 23266, 49.1%, 70.9, 34406
12713/floppy, 29, 37, 20150, 18497, 49.4%, 79.1, 28223
12840/hallzerk, 29, 37, 19129, 17273, 34.9%, 72.9, 26810
13578/grim, 29, 37, 21749, 20813, 48.9%, 78.0, 30411
13749/queenix, 8, 9, 15210, 15434, 56.6%, 71.3, 23805
20300/kraghen, 8, 9, 11820, 12073, 47.3%, 77.6, 17457
21379/salazar, 8, 13, 6164, 5694, 32.3%, 65.6, 9455
13077/patti, 8, 9, 9109, 9578, 49.3%, 72.9, 14108
8891/nodios, 8, 9, 20466, 19769, 54.8%, 75.5, 30209
8565/hen1, 2, 6, 27166, 21929, 29.7%, 74.9, 38569
12822/vini, 2, 6, 21387, 21440, 48.4%, 73.0, 32516
20183/decenty, 2, 6, 8107, 6899, 51.5%, 77.3, 11091
9219/felps, 2, 6, 25522, 23423, 43.4%, 84.3, 33663
22564/noway, 2, 6, 2489, 2303, 54.6%, 77.7, 3471
21809/910, 4, 7, 3229, 2891, 36.6%, 72.2, 4567
20275/techno, 4, 7, 7950, 8110, 59.9%, 73.8, 11743
20194/blitz, 4, 7, 9740, 8882, 49.0%, 83.3, 13142
20903/senzu, 4, 7, 3382, 3287, 60.6%, 79.1, 4681
21001/mzinho, 4, 7, 2312, 2450, 64.4%, 71.4, 3654
21163/susp, 8, 8, 6956, 6874, 50.0%, 77.5, 10203
20878/adamb, 5, 3, 8048, 8123, 53.2%, 75.2, 11940
16486/ztr, 5, 3, 12906, 13788, 50.1%, 71.2, 20244
13669/jackinho, 5, 3, 7938, 7797, 37.0%, 69.2, 11970
20119/nilo, 5, 3, 12067, 10908, 54.3%, 79.2, 16383
20462/story, 16, 10, 9697, 8683, 31.2%, 70.3, 14245
20464/ewjerkz, 16, 10, 9490, 9109, 49.6%, 80.2, 13280
20465/arrozdoce, 16, 10, 8291, 8378, 56.3%, 73.4, 12495
2241/roman, 16, 10, 26651, 26957, 53.9%, 73.0, 39864
630/mutiris, 16, 10, 28745, 28522, 50.1%, 76.9, 42332
20123/regali, 8, 13, 8911, 7170, 34.8%, 73.9, 11824
19817/s0und, 0, 2, 7461, 7474, 60.6%, 74.7, 10766
16885/woro2k, 37, 25, 16331, 13464, 34.1%, 78.5, 21329
12731/sdy, 35, 21, 27756, 25187, 49.6%, 76.8, 39938
19733/demqq, 37, 25, 15741, 15544, 53.4%, 74.6, 23717
20282/krasnal, 37, 25, 10905, 11074, 46.8%, 75.3, 16199
20794/leen, 2, 2, 834, 881, 54.8%, 73.0, 1249
15117/keoz, 17, 29, 18918, 20114, 55.0%, 73.8, 28557
20358/volt, 16, 26, 9267, 9123, 52.2%, 74.5, 13909
2553/snax, 17, 29, 45198, 42518, 37.4%, 74.8, 64781
17937/isak, 17, 29, 14662, 15004, 49.3%, 72.2, 22793
10330/acor, 17, 29, 23998, 21531, 37.1%, 72.6, 34187
19711/snav, 0, 2, 7102, 7214, 46.4%, 77.8, 10587
20983/mrc9, 0, 2, 1228, 1215, 53.6%, 72.0, 1841
22135/peeping, 0, 2, 2561, 2866, 57.2%, 70.6, 3952
19710/dare, 0, 2, 8110, 7389, 38.7%, 80.2, 10587
19709/shane, 0, 2, 6680, 6684, 58.2%, 70.4, 9955
19164/sunpayus, 25, 32, 10870, 8872, 29.9%, 73.7, 15084
9032/magisk, 13, 16, 30568, 27085, 47.7%, 79.4, 42855
11777/maden, 25, 32, 17632, 17364, 50.7%, 78.3, 24856
7998/s1mple, 1, 2, 38714, 29045, 41.1%, 85.4, 45750
922/snappi, 20, 23, 30870, 32485, 45.8%, 72.1, 48039
16811/mistem, 7, 6, 11569, 11725, 53.0%, 74.5, 17089
22874/silence, 7, 6, 1110, 1079, 34.4%, 65.8, 1727
22759/jocab, 5, 6, 1688, 1672, 47.6%, 77.7, 2361
16726/phzy, 0, 2, 12713, 11415, 28.8%, 72.6, 18426
16495/kory, 0, 2, 14152, 14247, 53.8%, 76.5, 20583
8605/somebody, 0, 2, 24834, 22591, 45.8%, 79.8, 33969
7028/summer, 0, 2, 25568, 22789, 49.3%, 79.3, 35375
12490/expro, 0, 2, 9850, 10246, 45.0%, 75.1, 14745
9766/hampus, 9, 3, 28154, 27990, 40.3%, 79.7, 40344
18571/cypher, 14, 7, 12551, 12914, 52.8%, 77.5, 18154
11219/cerq, 9, 3, 24332, 20846, 28.2%, 73.3, 33588
20813/vldn, 14, 8, 6574, 5961, 53.6%, 77.6, 9457
14932/faven, 9, 3, 30623, 27290, 54.5%, 77.8, 41973
20170/kyuubii, 12, 9, 8817, 8307, 51.0%, 75.4, 12733
19926/afro, 21, 21, 16118, 14395, 33.3%, 73.1, 22791
8374/bodyy, 20, 14, 29418, 29496, 56.2%, 76.9, 43381
21062/matys, 12, 9, 11906, 10889, 66.1%, 83.2, 15320
7528/krimz, 21, 21, 37087, 33829, 41.3%, 75.9, 53170
22039/danistzz, 17, 17, 2817, 2830, 58.0%, 74.4, 4126
21715/flayy, 6, 9, 4247, 3917, 31.7%, 70.4, 6068
20349/casey, 6, 9, 4638, 4442, 52.2%, 81.6, 6325
23295/kisserek, 6, 9, 1005, 1056, 54.1%, 74.7, 1503
21263/olimp, 6, 9, 4995, 5032, 49.4%, 77.2, 7308
21265/snx, 6, 9, 4160, 4739, 53.1%, 67.0, 7017
19235/belchonokk, 5, 7, 4857, 5025, 47.3%, 76.1, 7211
13497/lucky, 8, 9, 28765, 27099, 41.7%, 76.8, 42306
13138/maka, 8, 9, 29937, 26540, 35.5%, 74.3, 42242
9656/hadji, 8, 9, 27931, 25279, 49.5%, 79.0, 38562
19738/djoko, 8, 9, 17033, 17201, 62.1%, 75.2, 24901
19739/ex3rcice, 8, 9, 13252, 13247, 53.9%, 70.7, 20274
22047/yxngstxr, 3, 4, 2588, 2768, 55.8%, 70.5, 3950
19187/xfl0ud, 3, 4, 8366, 8248, 50.8%, 71.0, 13088
19913/ganginho, 3, 4, 4578, 3800, 28.5%, 76.0, 6061
18749/sausol, 3, 4, 9333, 9175, 51.5%, 74.8, 13710
19310/lnz, 3, 4, 9601, 9985, 53.8%, 69.6, 15389
16705/altekz, 13, 8, 11371, 11037, 51.8%, 75.0, 17015
10610/refrezh, 13, 8, 25040, 23618, 48.9%, 74.2, 36196
14419/roej, 22, 20, 23245, 21789, 55.1%, 81.9, 31835
7398/dupreeh, 13, 22, 41166, 36726, 50.5%, 76.5, 56720
11995/tmb, 13, 8, 21737, 22939, 48.2%, 75.7, 33300
21452/kvem, 2, 4, 7433, 6741, 56.4%, 85.2, 9837
21816/gizmy, 2, 4, 3877, 4176, 49.6%, 74.0, 5920
13239/qikert, 0, 4, 26261, 24533, 56.3%, 76.1, 38290
19673/patsi, 0, 4, 13236, 12999, 44.3%, 79.4, 18662
21348/artfr0st, 15, 14, 7282, 5478, 24.0%, 71.9, 10096
13157/jerry, 1, 8, 34921, 34986, 45.4%, 76.1, 51745
19575/x5g7v, 1, 8, 9415, 9499, 45.7%, 73.8, 14216
11283/ottond, 3, 7, 20766, 17841, 27.1%, 74.6, 28504
9818/uli, 3, 7, 11877, 11801, 49.0%, 75.8, 17621
20593/airax, 3, 7, 7067, 8657, 46.0%, 70.4, 11681
20625/banjo, 3, 7, 7257, 7157, 48.3%, 73.8, 11118
22144/puuha, 0, 4, 659, 930, 56.4%, 64.2, 1216
14061/awzek, 9, 13, 10084, 9901, 50.1%, 78.2, 14396
21468/hyped, 1, 4, 8155, 7162, 25.9%, 69.6, 11542
20122/freeze, 9, 13, 8903, 10332, 45.4%, 72.5, 14551
21500/arrow, 1, 4, 4064, 4526, 61.9%, 67.8, 6741
20169/skyye, 1, 4, 7663, 7826, 57.0%, 72.6, 11677
13982/forester, 1, 4, 27832, 26414, 53.6%, 76.7, 40074
21439/icy, 1, 4, 3854, 3151, 30.5%, 70.6, 5386
16948/travis, 1, 4, 15363, 14474, 53.8%, 77.9, 22019
11498/nickelback, 1, 4, 29506, 30034, 40.3%, 74.8, 45052
12027/krad, 1, 4, 28912, 28594, 49.3%, 76.4, 42301
23428/killazoo, 2, 0, 8, 14, 25.0%, 45.6, 23
19763/boros, 11, 11, 13029, 12176, 63.9%, 83.2, 16743
6904/styko, 1, 4, 33572, 33430, 57.6%, 73.5, 50942
8248/jkaem, 17, 18, 33830, 32423, 51.8%, 80.8, 46264
13670/nawwk, 17, 18, 25765, 20981, 35.6%, 72.3, 35289
18790/cacanito, 17, 18, 12194, 11482, 48.2%, 82.7, 16587
17450/sense, 17, 18, 4949, 5668, 51.3%, 68.6, 8171
15165/blamef, 13, 19, 23378, 18524, 39.1%, 85.2, 30646
10981/mantuu, 33, 22, 16457, 13705, 34.6%, 75.5, 22272
20104/s1n, 33, 22, 10192, 9821, 51.6%, 76.7, 15245
8611/es3tag, 9, 20, 25149, 24479, 35.8%, 75.6, 37070
19592/headtr1ck, 9, 20, 5886, 4931, 36.2%, 73.9, 8197
9078/k0nfig, 9, 20, 34928, 32488, 56.0%, 80.3, 46894
22688/baz, 1, 4, 3544, 3672, 52.1%, 65.7, 5956
2154/hally, 1, 4, 624, 936, 49.8%, 57.4, 1159
17039/deco, 2, 3, 12031, 12162, 49.6%, 75.2, 18227
9221/reversive, 2, 3, 13037, 13074, 43.9%, 74.8, 19555
10504/nikom, 2, 3, 10172, 9215, 47.1%, 79.8, 13969
2161/noktse, 2, 3, 19569, 19293, 37.6%, 72.3, 29489
14737/meyern, 2, 3, 14111, 13134, 54.4%, 75.7, 19892
16599/swisher, 0, 7, 19888, 18672, 48.1%, 80.9, 27438
15370/slaxz, 0, 3, 25593, 22045, 29.5%, 72.7, 36167
11617/malbsmd, 0, 7, 15972, 14959, 62.9%, 81.3, 21182
17378/reck, 0, 7, 10892, 10535, 54.6%, 76.4, 15543
7873/dephh, 0, 3, 14497, 14833, 47.8%, 80.2, 20560
20926/andu, 1, 3, 2936, 3073, 55.6%, 79.5, 4096
20090/zyphon, 2, 8, 14633, 13992, 53.4%, 75.9, 21088
21756/kat, 7, 2, 2038, 1851, 43.4%, 79.3, 2855
12758/ana, 7, 2, 3844, 2967, 26.3%, 78.1, 4943
18775/twenty3, 7, 2, 2661, 2373, 52.5%, 76.3, 3720
1572/vilga, 7, 2, 5931, 5567, 42.6%, 81.8, 8155
16497/tory, 7, 2, 2801, 2531, 48.1%, 79.7, 3806
22062/vicu, 5, 4, 2260, 1679, 31.3%, 83.2, 2778
16760/liina, 5, 4, 1926, 1950, 45.8%, 77.9, 2834
22063/hanka, 5, 4, 2046, 1821, 46.8%, 78.2, 2778
22065/angelka, 5, 4, 2069, 1825, 50.7%, 79.5, 2778
21727/leti, 5, 4, 1253, 1279, 45.6%, 72.5, 1954
21801/yungher, 2, 2, 2455, 2018, 33.8%, 77.2, 3249
17287/goddess, 2, 2, 2039, 2310, 47.5%, 71.9, 3224
20502/julih, 2, 2, 2091, 2123, 45.5%, 73.2, 3186
21800/poppins, 2, 2, 1655, 1608, 43.4%, 76.6, 2407
21799/nani, 2, 2, 2002, 1973, 46.1%, 76.3, 2897
18781/ksu, 2, 2, 2058, 1964, 44.6%, 75.1, 2971
10285/t4tty, 2, 2, 2813, 2880, 43.9%, 77.5, 4072
18773/f6tal, 2, 2, 2170, 2174, 51.9%, 79.1, 3065
18778/elizabeth, 2, 2, 1813, 1840, 41.7%, 75.2, 2733
18780/victoria, 2, 2, 2150, 2017, 29.2%, 71.2, 3121
11215/olga, 3, 3, 1830, 1532, 44.6%, 91.4, 2313
10743/hazel, 3, 3, 1127, 1094, 29.7%, 73.7, 1621
19103/argent, 3, 3, 469, 559, 48.2%, 66.7, 776
15964/gfi, 3, 3, 859, 782, 45.4%, 78.5, 1153
19844/xiaowu, 3, 3, 437, 470, 47.8%, 78.8, 633
21219/kaahsensei, 3, 3, 1864, 1475, 31.9%, 72.9, 2584
17288/izaa, 3, 3, 1993, 1694, 45.6%, 83.8, 2622
11872/gabs, 3, 3, 1078, 1009, 48.4%, 76.1, 1545
16341/gabi, 3, 3, 2446, 2116, 45.1%, 75.8, 3414
20503/annaex, 3, 3, 1365, 1302, 39.6%, 79.5, 1963
18641/bibiahn, 0, 3, 2582, 2171, 46.7%, 84.1, 3328
8850/goosebreeder, 0, 3, 4998, 4120, 42.5%, 84.6, 6500
22066/madss, 0, 3, 1934, 1780, 54.0%, 75.9, 2736
21732/uhkelsie, 0, 3, 1560, 1474, 34.6%, 74.3, 2329
21793/kaoday, 0, 3, 1787, 1493, 36.2%, 81.1, 2390
22302/empathy, 0, 3, 2157, 1894, 43.7%, 92.1, 2578
13326/bouchard, 0, 3, 1645, 1826, 43.4%, 71.4, 2609
23058/lx, 0, 3, 1241, 1326, 53.6%, 70.0, 1932
23613/phoebe, 0, 3, 503, 577, 48.9%, 67.6, 799
1982/aidy, 0, 3, 628, 852, 39.2%, 63.4, 1169
21037/insani, 11, 10, 7668, 6853, 55.4%, 81.0, 10443
19750/drop, 11, 10, 7109, 7352, 52.6%, 67.2, 11735
11154/exit, 11, 10, 20302, 17295, 46.4%, 75.5, 29476
20987/brnz4n, 11, 10, 9024, 8500, 57.2%, 76.6, 12858
18835/saffee, 11, 10, 12935, 10422, 30.3%, 76.3, 17200
15778/sener1, 13, 12, 11349, 12747, 52.0%, 68.5, 19088
12708/rigon, 13, 12, 14254, 14093, 54.6%, 80.5, 19190
19725/gxx, 13, 12, 13021, 11408, 31.2%, 69.8, 18696
18120/sinnopsyy, 13, 12, 18059, 19012, 56.5%, 78.2, 26447
17147/juanflatroo, 13, 12, 18214, 17519, 57.4%, 82.2, 24306
3347/seized, 16, 7, 32392, 33875, 46.3%, 71.0, 50018
20357/d1ledez, 16, 7, 9290, 8774, 60.6%, 78.6, 12871
14273/idisbalance, 16, 7, 24373, 21186, 26.6%, 72.1, 34835
17508/glowiing, 16, 7, 17169, 16802, 54.4%, 79.1, 24405
12004/clax, 16, 7, 14170, 13370, 55.2%, 73.9, 20847
20245/samey, 9, 10, 10366, 8966, 34.5%, 70.1, 14625
15940/sobol, 9, 10, 24775, 22984, 52.4%, 78.1, 34816
15203/reiko, 9, 10, 17050, 16038, 47.7%, 83.3, 22676
9798/lunatic, 9, 10, 21468, 24705, 40.5%, 67.2, 36103
22476/virtuoso, 9, 10, 4035, 4299, 51.0%, 69.8, 6433
16817/hardzao, 4, 4, 19531, 17665, 47.4%, 74.4, 28524
18865/dav1deus, 4, 4, 12637, 11322, 53.8%, 82.9, 16839
21288/venomzera, 4, 4, 7289, 6707, 59.4%, 79.2, 10006
18743/nython, 4, 4, 15329, 13597, 36.8%, 73.0, 21421
9483/destiny, 4, 4, 26009, 25176, 51.2%, 78.0, 36409
5388/rallen, 11, 7, 39232, 35904, 43.8%, 81.9, 54595
14176/misutaaa, 12, 9, 12492, 12875, 53.5%, 70.1, 19296
20283/tomiko, 4, 4, 9890, 9576, 55.6%, 78.7, 13416
19015/bymas, 12, 9, 8430, 8246, 47.0%, 70.8, 13193
7996/cruc1al, 12, 9, 32865, 29571, 29.2%, 72.9, 46071
20417/anlelele, 3, 4, 7972, 7765, 44.1%, 75.4, 11841
2898/raalz, 4, 8, 25756, 26160, 57.6%, 71.3, 39206
22702/cej0t, 4, 8, 4495, 4583, 57.2%, 78.6, 6441
19064/spooke, 4, 8, 11281, 11077, 59.2%, 78.7, 16052
22950/sl1m3, 4, 8, 2043, 1997, 35.0%, 68.9, 3007
21783/brutmonster, 2, 4, 8020, 7295, 32.5%, 72.8, 11316
8311/nemanha, 2, 4, 8082, 8474, 53.1%, 79.4, 11976
21302/cjoffo, 2, 4, 7145, 7293, 56.9%, 68.7, 11260
21784/simke, 2, 4, 7869, 8038, 61.0%, 75.2, 11359
5351/avn, 2, 4, 16259, 17468, 52.8%, 68.8, 25864
7499/spiidi, 8, 9, 41472, 41339, 40.6%, 73.5, 63834
12290/perx, 8, 9, 8389, 8412, 49.6%, 71.3, 13000
19283/panix, 8, 9, 10939, 9756, 29.8%, 73.5, 15407
20908/bevve, 1, 2, 1851, 1864, 49.2%, 77.0, 2658
20682/juve, 1, 2, 59, 79, 47.5%, 56.8, 117
14294/hazr, 1, 7, 18955, 17275, 56.0%, 81.2, 25411
20086/addict, 1, 7, 9447, 8307, 57.6%, 75.8, 13153
16323/valiance, 1, 4, 13089, 11926, 52.3%, 75.6, 18676
18736/pz, 1, 7, 11986, 10743, 30.1%, 74.2, 17139
12588/brace, 1, 7, 10140, 10885, 48.9%, 69.3, 16080
9482/nekiz, 2, 8, 22288, 22882, 48.0%, 74.1, 33383
9216/coldzera, 2, 8, 32970, 27118, 49.1%, 78.1, 43739
17585/b4rtin, 2, 8, 11896, 10950, 55.4%, 73.5, 17063
19045/latto, 2, 8, 11412, 10468, 48.6%, 77.3, 16555
15698/dumau, 2, 8, 13990, 12119, 42.6%, 80.3, 19115
20956/fozil, 0, 4, 4133, 4085, 54.7%, 76.9, 5981
21362/truniq, 0, 4, 3970, 3660, 53.1%, 79.0, 5547
17316/vert, 0, 4, 2976, 3291, 48.1%, 67.5, 4995
20828/leri511, 0, 4, 3227, 2860, 34.0%, 71.9, 4429
15983/enzero, 0, 4, 3618, 4098, 51.2%, 71.0, 5835
18717/lucaozy, 1, 4, 13916, 12218, 51.2%, 78.1, 19104
19692/zevy, 1, 4, 11332, 9422, 33.4%, 74.7, 15193
6593/pkl, 1, 4, 23027, 23919, 52.1%, 73.2, 35795
16816/vsm, 1, 4, 16472, 14647, 49.7%, 80.3, 22419
20026/chay, 1, 4, 7499, 7197, 48.6%, 77.8, 10690
9271/slowi, 3, 3, 25467, 24999, 53.1%, 76.8, 36911
17918/nosrac, 2, 7, 15267, 15967, 49.5%, 74.5, 23189
16546/cynic, 2, 7, 19927, 17801, 39.9%, 79.8, 27235
9571/cj-da-k1ng, 2, 7, 10528, 10652, 56.8%, 72.9, 15627
10892/marke, 2, 7, 21947, 20153, 53.3%, 78.6, 31119
16647/bwills, 2, 7, 21240, 19769, 50.6%, 77.8, 30147
21621/moseyuh, 1, 6, 4133, 3724, 54.8%, 79.8, 5701
20941/buzz, 5, 11, 8032, 8202, 47.6%, 73.6, 12320
9896/b0rup, 5, 11, 31431, 31140, 63.1%, 72.8, 46286
12733/xsepower, 1, 4, 26700, 21829, 25.0%, 71.9, 37386
20207/raijin, 1, 4, 8478, 8250, 54.9%, 74.3, 12474
19509/dav1g, 2, 4, 8148, 9462, 46.8%, 67.4, 13968
9254/mopoz, 6, 10, 25638, 25958, 51.8%, 75.1, 38043
8998/just, 6, 10, 21579, 20807, 54.9%, 74.5, 31770
19698/adams, 6, 10, 10180, 9987, 40.6%, 76.6, 15113
12810/shock, 7, 5, 22125, 21335, 54.8%, 74.0, 32587
798/oskar, 7, 5, 37203, 31094, 30.5%, 77.5, 49194
20345/kwertzz, 7, 5, 6763, 6727, 64.9%, 74.2, 9809
8488/zedko, 7, 5, 29022, 28925, 54.4%, 73.9, 43267
11199/beastik, 7, 5, 20217, 21643, 55.2%, 69.8, 32237
15071/interz, 5, 4, 15464, 15575, 49.8%, 63.2, 26724
9031/valde, 5, 4, 27232, 24248, 47.1%, 79.4, 37424
284/jackz, 5, 4, 22396, 22810, 58.2%, 72.9, 33878
13718/birdfromsky, 3, 5, 18546, 21822, 41.5%, 71.9, 31439
10264/niko, 3, 5, 24996, 24055, 50.0%, 74.3, 36607
20301/tauson, 1, 4, 8819, 9252, 47.9%, 72.9, 13621
9019/surreal, 1, 4, 32988, 33857, 44.8%, 72.0, 50550
8983/mightymax, 1, 4, 24213, 27367, 50.0%, 65.3, 41905
20870/sl3nd, 1, 4, 7224, 5938, 28.1%, 75.3, 10136
22106/azuwu, 1, 4, 6038, 5871, 56.8%, 77.9, 8473
21983/chr1zn, 10, 13, 6851, 7080, 54.0%, 72.5, 10471
21972/neityu, 2, 4, 3219, 3357, 55.1%, 73.3, 4923
22695/sirah, 10, 13, 3859, 3671, 51.9%, 76.2, 5517
22279/pr, 2, 4, 3993, 3777, 50.1%, 78.1, 5611
19681/childking, 0, 3, 5024, 4896, 59.5%, 76.7, 7170
16768/lan, 0, 3, 7876, 7373, 39.4%, 76.0, 10826
16872/flying, 0, 3, 9540, 8995, 50.3%, 78.0, 13170
10722/gas, 0, 3, 11670, 10911, 59.3%, 80.6, 15347
8598/marek, 0, 3, 8220, 8787, 51.3%, 71.0, 13045
15349/mankz, 0, 4, 18073, 19287, 52.5%, 72.8, 28393
12937/wolfy, 0, 4, 14927, 13305, 33.4%, 70.6, 21562
20564/d4rty, 1, 4, 7237, 7249, 48.6%, 73.4, 10728
15176/cryptic, 1, 4, 7968, 8213, 48.7%, 77.9, 11425
18706/freshie, 1, 4, 7916, 7827, 46.0%, 75.8, 11494
14799/brett, 1, 4, 10542, 11217, 45.9%, 78.4, 15376
20700/lattykk, 8, 6, 5992, 5319, 33.6%, 69.1, 8799
11954/fashr, 4, 6, 17878, 17254, 49.2%, 78.0, 25370
17504/kei, 3, 4, 20544, 19615, 45.4%, 82.5, 27909
4829/mynio, 3, 4, 18970, 21245, 44.5%, 75.1, 30177
14780/tge, 4, 5, 2093, 2140, 55.5%, 72.8, 3126
4679/jks, 5, 2, 24735, 22219, 53.2%, 76.7, 35500
472/b1ad3, 3, 4, 13511, 16987, 41.9%, 66.1, 23376
9102/sico, 0, 3, 19454, 15869, 36.5%, 77.7, 26546
11485/malta, 0, 3, 20209, 18659, 39.6%, 77.5, 29145
